﻿{
  "info": {
    "name": "Video Recommendation API",
    "schema": "https://schema.getpostman.com/json/collection/v2.1.0/collection.json"
  },
  "item": [
    {"name": "Health", "request": {"method": "GET", "url": "http://localhost:8000/health"}},
    {"name": "Create Video", "request": {"method": "POST", "header": [{"key": "Content-Type", "value": "application/json"}], "body": {"mode": "raw", "raw": "{\n  \"id\": \"vid_1\",\n  \"title\": \"Intro to Recos\",\n  \"description\": \"Basics\",\n  \"tags\": [\"ml\", \"recsys\"]\n}"}, "url": "http://localhost:8000/videos"}},
    {"name": "List Videos", "request": {"method": "GET", "url": "http://localhost:8000/videos"}},
    {"name": "Get Video", "request": {"method": "GET", "url": "http://localhost:8000/videos/vid_1"}},
    {"name": "Delete Video", "request": {"method": "DELETE", "url": "http://localhost:8000/videos/vid_1"}},
    {"name": "Create User", "request": {"method": "POST", "header": [{"key": "Content-Type", "value": "application/json"}], "body": {"mode": "raw", "raw": "{\n  \"id\": \"user_1\",\n  \"name\": \"Alice\",\n  \"interests\": [\"ml\", \"video\"]\n}"}, "url": "http://localhost:8000/users"}},
    {"name": "Get User", "request": {"method": "GET", "url": "http://localhost:8000/users/user_1"}},
    {"name": "Record Interaction", "request": {"method": "POST", "header": [{"key": "Content-Type", "value": "application/json"}], "body": {"mode": "raw", "raw": "{\n  \"user_id\": \"user_1\",\n  \"video_id\": \"vid_1\",\n  \"action\": \"like\"\n}"}, "url": "http://localhost:8000/interactions"}},
    {"name": "Get Recommendations", "request": {"method": "GET", "url": "http://localhost:8000/recommendations/user_1?limit=10"}}
  ]
}
